Workbook

Sheet Tabela de Carga
A1: TABELA DE CARGA – QUADRO TRIFÁSICO LAVANDERIA (127/220 V – 3F+N+PE)
A3: Tensão fase-fase (V) | C3: 220 | E3: Legenda: células AMARELAS com texto AZUL são entradas editáveis (potência, FP, disjuntor, cabo). Texto preto = fórmula.
A4: Tensão fase-neutro (V) | C4: =C3/SQRT(3) -> 127.01706 | E4: Referência: ABNT NBR 5410 – cobre/PVC 70 °C, método B1, 30 °C. Iz conforme Tabela 36 da NBR 5410.
A5: Fator de demanda | C5: 1 | E5: Fator de demanda 1,0: todas as máquinas podem operar simultaneamente (informado pelo uso de lavanderia).
A7: Circ. | B7: Equipamento | C7: Marca | D7: Ligação | E7: Fases | F7: Nº fases | G7: Potência (W) | H7: FP | I7: Potência (VA) | J7: Corrente Ib (A) | K7: Disjuntor In (A) | L7: Tipo disjuntor | M7: Cabo fase (mm²) | N7: Cabo PE (mm²) | O7: Iz do cabo (A) | P7: Ib ≤ In ≤ Iz? | Q7: DR | R7: Ocupação disjuntor
A8: 1 | B8: Secadora 1 | C8: My Bubble | D8: Bifásica | E8: R-S | F8: 2 | G8: 4600 | H8: 1 | I8: =G8/H8 -> 4600 | J8: =IF(F8=3,I8/(SQRT(3)*$C$3),I8/$C$3) -> 20.909091 | K8: 25 | L8: Bipolar curva C | M8: 4 | N8: 4 | O8: 32 | P8: =IF(AND(J8<=K8,K8<=O8),"OK","REVISAR") -> OK | Q8: Bipolar 25 A / 30 mA | R8: =J8/K8 -> 0.83636364
A9: 2 | B9: Secadora 2 | C9: My Bubble | D9: Bifásica | E9: S-T | F9: 2 | G9: 4600 | H9: 1 | I9: =G9/H9 -> 4600 | J9: =IF(F9=3,I9/(SQRT(3)*$C$3),I9/$C$3) -> 20.909091 | K9: 25 | L9: Bipolar curva C | M9: 4 | N9: 4 | O9: 32 | P9: =IF(AND(J9<=K9,K9<=O9),"OK","REVISAR") -> OK | Q9: Bipolar 25 A / 30 mA | R9: =J9/K9 -> 0.83636364
A10: 3 | B10: Secadora 3 | C10: My Bubble | D10: Bifásica | E10: T-R | F10: 2 | G10: 4600 | H10: 1 | I10: =G10/H10 -> 4600 | J10: =IF(F10=3,I10/(SQRT(3)*$C$3),I10/$C$3) -> 20.909091 | K10: 25 | L10: Bipolar curva C | M10: 4 | N10: 4 | O10: 32 | P10: =IF(AND(J10<=K10,K10<=O10),"OK","REVISAR") -> OK | Q10: Bipolar 25 A / 30 mA | R10: =J10/K10 -> 0.83636364
A11: 4 | B11: Lavadora 1 | C11: My Bubble | D11: Bifásica | E11: R-S | F11: 2 | G11: 1300 | H11: 0.85 | I11: =G11/H11 -> 1529.4118 | J11: =IF(F11=3,I11/(SQRT(3)*$C$3),I11/$C$3) -> 6.9518717 | K11: 10 | L11: Bipolar curva C | M11: 2.5 | N11: 2.5 | O11: 24 | P11: =IF(AND(J11<=K11,K11<=O11),"OK","REVISAR") -> OK | Q11: Bipolar 25 A / 30 mA | R11: =J11/K11 -> 0.69518717
A12: 5 | B12: Lavadora 2 | C12: My Bubble | D12: Bifásica | E12: S-T | F12: 2 | G12: 1300 | H12: 0.85 | I12: =G12/H12 -> 1529.4118 | J12: =IF(F12=3,I12/(SQRT(3)*$C$3),I12/$C$3) -> 6.9518717 | K12: 10 | L12: Bipolar curva C | M12: 2.5 | N12: 2.5 | O12: 24 | P12: =IF(AND(J12<=K12,K12<=O12),"OK","REVISAR") -> OK | Q12: Bipolar 25 A / 30 mA | R12: =J12/K12 -> 0.69518717
A13: 6 | B13: Lavadora 3 | C13: My Bubble | D13: Bifásica | E13: T-R | F13: 2 | G13: 1300 | H13: 0.85 | I13: =G13/H13 -> 1529.4118 | J13: =IF(F13=3,I13/(SQRT(3)*$C$3),I13/$C$3) -> 6.9518717 | K13: 10 | L13: Bipolar curva C | M13: 2.5 | N13: 2.5 | O13: 24 | P13: =IF(AND(J13<=K13,K13<=O13),"OK","REVISAR") -> OK | Q13: Bipolar 25 A / 30 mA | R13: =J13/K13 -> 0.69518717
A14: 7 | B14: Lavadora/Secadora | C14: Oasis | D14: Trifásica | E14: R-S-T | F14: 3 | G14: 11000 | H14: 1 | I14: =G14/H14 -> 11000 | J14: =IF(F14=3,I14/(SQRT(3)*$C$3),I14/$C$3) -> 28.867513 | K14: 40 | L14: Tripolar curva C | M14: 10 | N14: 10 | O14: 50 | P14: =IF(AND(J14<=K14,K14<=O14),"OK","REVISAR") -> OK | Q14: Tetrapolar 40 A / 30 mA | R14: =J14/K14 -> 0.72168784
A15: G | B15: DISJUNTOR GERAL | C15: — | D15: Trifásica | E15: R-S-T | F15: 3 | G15: =SUM(G8:G14)*$C$5 -> 28700 | H15: =G15/I15 -> 0.97658127 | I15: =SUM(I8:I14)*$C$5 -> 29388.235 | J15: =I15/(SQRT(3)*$C$3) -> 77.124116 | K15: 100 | L15: Tripolar curva C (10 kA) | M15: 35 | N15: 16 | O15: 111 | P15: =IF(AND(J15<=K15,K15<=O15),"OK","REVISAR") -> OK | Q15: — (DR por circuito) | R15: =J15/K15 -> 0.77124116
A17: OBSERVAÇÕES
A18: 1. Geral de 80 A com 25 mm² também atende Ib ≤ In ≤ Iz, mas ficaria com ~96% de ocupação; por isso adotado 100 A / 35 mm².
A19: 2. Se vários circuitos dividirem o mesmo eletroduto, aplicar fator de agrupamento (ex.: 3 circuitos = 0,70) e revisar Iz (secadoras → 6 mm²).
A20: 3. Cabos dimensionados para até ~20 m do quadro à máquina (queda < 4%). Distâncias maiores: recalcular.
A21: 4. DR 30 mA obrigatório em lavanderia (NBR 5410). Recomenda-se DPS classe II 275 V / 20 kA (3 fases + neutro).
A22: 5. Conferir manual do fabricante de cada máquina; prevalece o valor maior. Execução por profissional habilitado (NR-10 / ART).

Sheet Balanceamento
A1: BALANCEAMENTO DE FASES
A3: Circ. | B3: Carga | C3: Fases | D3: Fase R (VA) | E3: Fase S (VA) | F3: Fase T (VA)
A4: ='Tabela de Carga'!A8 -> 1 | B4: ='Tabela de Carga'!B8&" "&'Tabela de Carga'!C8 -> Secadora 1 My Bubble | C4: ='Tabela de Carga'!E8 -> R-S | D4: =IF(ISNUMBER(SEARCH("R",'Tabela de Carga'!E8)),'Tabela de Carga'!I8/'Tabela de Carga'!F8,0) -> 2300 | E4: =IF(ISNUMBER(SEARCH("S",'Tabela de Carga'!E8)),'Tabela de Carga'!I8/'Tabela de Carga'!F8,0) -> 2300 | F4: =IF(ISNUMBER(SEARCH("T",'Tabela de Carga'!E8)),'Tabela de Carga'!I8/'Tabela de Carga'!F8,0) -> 0
A5: ='Tabela de Carga'!A9 -> 2 | B5: ='Tabela de Carga'!B9&" "&'Tabela de Carga'!C9 -> Secadora 2 My Bubble | C5: ='Tabela de Carga'!E9 -> S-T | D5: =IF(ISNUMBER(SEARCH("R",'Tabela de Carga'!E9)),'Tabela de Carga'!I9/'Tabela de Carga'!F9,0) -> 0 | E5: =IF(ISNUMBER(SEARCH("S",'Tabela de Carga'!E9)),'Tabela de Carga'!I9/'Tabela de Carga'!F9,0) -> 2300 | F5: =IF(ISNUMBER(SEARCH("T",'Tabela de Carga'!E9)),'Tabela de Carga'!I9/'Tabela de Carga'!F9,0) -> 2300
A6: ='Tabela de Carga'!A10 -> 3 | B6: ='Tabela de Carga'!B10&" "&'Tabela de Carga'!C10 -> Secadora 3 My Bubble | C6: ='Tabela de Carga'!E10 -> T-R | D6: =IF(ISNUMBER(SEARCH("R",'Tabela de Carga'!E10)),'Tabela de Carga'!I10/'Tabela de Carga'!F10,0) -> 2300 | E6: =IF(ISNUMBER(SEARCH("S",'Tabela de Carga'!E10)),'Tabela de Carga'!I10/'Tabela de Carga'!F10,0) -> 0 | F6: =IF(ISNUMBER(SEARCH("T",'Tabela de Carga'!E10)),'Tabela de Carga'!I10/'Tabela de Carga'!F10,0) -> 2300
A7: ='Tabela de Carga'!A11 -> 4 | B7: ='Tabela de Carga'!B11&" "&'Tabela de Carga'!C11 -> Lavadora 1 My Bubble | C7: ='Tabela de Carga'!E11 -> R-S | D7: =IF(ISNUMBER(SEARCH("R",'Tabela de Carga'!E11)),'Tabela de Carga'!I11/'Tabela de Carga'!F11,0) -> 764.70588 | E7: =IF(ISNUMBER(SEARCH("S",'Tabela de Carga'!E11)),'Tabela de Carga'!I11/'Tabela de Carga'!F11,0) -> 764.70588 | F7: =IF(ISNUMBER(SEARCH("T",'Tabela de Carga'!E11)),'Tabela de Carga'!I11/'Tabela de Carga'!F11,0) -> 0
A8: ='Tabela de Carga'!A12 -> 5 | B8: ='Tabela de Carga'!B12&" "&'Tabela de Carga'!C12 -> Lavadora 2 My Bubble | C8: ='Tabela de Carga'!E12 -> S-T | D8: =IF(ISNUMBER(SEARCH("R",'Tabela de Carga'!E12)),'Tabela de Carga'!I12/'Tabela de Carga'!F12,0) -> 0 | E8: =IF(ISNUMBER(SEARCH("S",'Tabela de Carga'!E12)),'Tabela de Carga'!I12/'Tabela de Carga'!F12,0) -> 764.70588 | F8: =IF(ISNUMBER(SEARCH("T",'Tabela de Carga'!E12)),'Tabela de Carga'!I12/'Tabela de Carga'!F12,0) -> 764.70588
A9: ='Tabela de Carga'!A13 -> 6 | B9: ='Tabela de Carga'!B13&" "&'Tabela de Carga'!C13 -> Lavadora 3 My Bubble | C9: ='Tabela de Carga'!E13 -> T-R | D9: =IF(ISNUMBER(SEARCH("R",'Tabela de Carga'!E13)),'Tabela de Carga'!I13/'Tabela de Carga'!F13,0) -> 764.70588 | E9: =IF(ISNUMBER(SEARCH("S",'Tabela de Carga'!E13)),'Tabela de Carga'!I13/'Tabela de Carga'!F13,0) -> 0 | F9: =IF(ISNUMBER(SEARCH("T",'Tabela de Carga'!E13)),'Tabela de Carga'!I13/'Tabela de Carga'!F13,0) -> 764.70588
A10: ='Tabela de Carga'!A14 -> 7 | B10: ='Tabela de Carga'!B14&" "&'Tabela de Carga'!C14 -> Lavadora/Secadora Oasis | C10: ='Tabela de Carga'!E14 -> R-S-T | D10: =IF(ISNUMBER(SEARCH("R",'Tabela de Carga'!E14)),'Tabela de Carga'!I14/'Tabela de Carga'!F14,0) -> 3666.6667 | E10: =IF(ISNUMBER(SEARCH("S",'Tabela de Carga'!E14)),'Tabela de Carga'!I14/'Tabela de Carga'!F14,0) -> 3666.6667 | F10: =IF(ISNUMBER(SEARCH("T",'Tabela de Carga'!E14)),'Tabela de Carga'!I14/'Tabela de Carga'!F14,0) -> 3666.6667
B11: TOTAL POR FASE (VA) | D11: =SUM(D4:D10) -> 9796.0784 | E11: =SUM(E4:E10) -> 9796.0784 | F11: =SUM(F4:F10) -> 9796.0784
B12: CORRENTE POR FASE (A) | D12: =D11/'Tabela de Carga'!$C$4 -> 77.124116 | E12: =E11/'Tabela de Carga'!$C$4 -> 77.124116 | F12: =F11/'Tabela de Carga'!$C$4 -> 77.124116
B13: DESEQUILÍBRIO (%) | D13: =IF(AVERAGE(D12:F12)=0,0,(MAX(D12:F12)-MIN(D12:F12))/AVERAGE(D12:F12)) -> 0
A15: Cada carga bifásica é dividida meio a meio entre suas duas fases; a trifásica, em três partes iguais. Corrente = VA da fase ÷ tensão fase-neutro.
A16: Texto verde = vínculo com a aba 'Tabela de Carga'. Para mudar uma carga de fase, altere a coluna 'Fases' naquela aba.

Sheet Materiais
A1: LISTA DE MATERIAIS DO QUADRO
A2: Preencha em amarelo o comprimento (m) de cada trecho; os metros de cabo são calculados.
A4: Item | B4: Descrição | C4: Qtd. | D4: Unid. | E4: Comprimento trecho (m) | F4: Condutores por trecho | G4: Total
A5: 1 | B5: Disjuntor tripolar 100 A curva C – 10 kA (geral) | C5: 1 | D5: pç | G5: =C5 -> 1
A6: 2 | B6: Disjuntor bipolar 25 A curva C (secadoras) | C6: 3 | D6: pç | G6: =C6 -> 3
A7: 3 | B7: Disjuntor bipolar 10 A curva C (lavadoras) | C7: 3 | D7: pç | G7: =C7 -> 3
A8: 4 | B8: Disjuntor tripolar 40 A curva C (Oasis) | C8: 1 | D8: pç | G8: =C8 -> 1
A9: 5 | B9: DR bipolar 25 A / 30 mA (máquinas My Bubble) | C9: 6 | D9: pç | G9: =C9 -> 6
A10: 6 | B10: DR tetrapolar 40 A / 30 mA (Oasis) | C10: 1 | D10: pç | G10: =C10 -> 1
A11: 7 | B11: DPS classe II 275 V / 20 kA | C11: 4 | D11: pç | G11: =C11 -> 4
A12: 8 | B12: Barramento trifásico 100 A + barras N e PE | C12: 1 | D12: cj | G12: =C12 -> 1
A13: 9 | B13: Cabo 35 mm² – fases do ramal geral | C13: 1 | D13: m | E13: 10 | F13: 3 | G13: =C13*E13*F13 -> 30
A14: 10 | B14: Cabo 25 mm² azul – neutro do ramal geral | C14: 1 | D14: m | E14: 10 | F14: 1 | G14: =C14*E14*F14 -> 10
A15: 11 | B15: Cabo 16 mm² verde – PE do ramal geral | C15: 1 | D15: m | E15: 10 | F15: 1 | G15: =C15*E15*F15 -> 10
A16: 12 | B16: Cabo 10 mm² – Oasis (3F + PE) | C16: 1 | D16: m | E16: 15 | F16: 4 | G16: =C16*E16*F16 -> 60
A17: 13 | B17: Cabo 4 mm² – secadoras (2F + PE) | C17: 3 | D17: m | E17: 15 | F17: 3 | G17: =C17*E17*F17 -> 135
A18: 14 | B18: Cabo 2,5 mm² – lavadoras (2F + PE) | C18: 3 | D18: m | E18: 15 | F18: 3 | G18: =C18*E18*F18 -> 135
